{
  "levels": [
    {
      "index": 1,
      "layout": [ "211" ],
      "path": [
        [ 0, 0 ],
        [ 0, 1 ],
        [ 0, 2 ]
      ]
    }
    {
      "index": 2,
      "layout": [ "110", "211" ],
      "path": [ [ 1, 0 ], [ 0, 0 ], [ 0, 1 ], [ 1, 1 ], [ 1, 2 ] ]
    }
    {
		"index": 3,
		"layout": [ "11001", "11101", "11111", "11011", "11120" ],
		"path": [ [ 4, 3 ], [ 4, 2 ], [ 4, 1 ], [ 4, 0 ], [ 3, 0 ], [ 3, 1 ], [ 2, 1 ], [ 2, 0 ], [ 1, 0 ], [ 0, 0 ], [ 0, 1 ], [ 1, 1 ], [ 1, 2 ], [ 2, 2 ], [ 2, 3 ], [ 3, 3 ], [ 3, 4 ], [ 2, 4 ], [ 1, 4 ], [ 0, 4 ] ]
	}
  ]
}